,predictions,actuals
0," mobile phone users to send multimedia messages is really important for operators keen to squeeze more cash out of their customers and offset the cost of subsidising the handsets people are buying.Andrew Bud, executive chairman of messaging firm Mblox, said mobile phone operators cap the number of messages that can be circulating at any one time for fear of overwhelming the system.The problem they face, said Shailendra Jain, head of MMS firm Adamind, is educating people in how to send the multimedia messages using their funky handsets.Figures gathered by Continental Research shows that 36% of British camera phone users have never sent a multimedia message (MMS), up from 7% in 2003.There are other deeper technical reasons why multimedia","Getting mobile phone users to send multimedia messages is really important for operators keen to squeeze more cash out of their customers and offset the cost of subsidising the handsets people are buying.The problem they face, said Shailendra Jain, head of MMS firm Adamind, is educating people in how to send the multimedia messages using their funky handsets.Andrew Bud, executive chairman of messaging firm Mblox, said mobile phone operators cap the number of messages that can be circulating at any one time for fear of overwhelming the system.The fact that multimedia services are not interoperable across networks and phones only adds to people's reluctance to start sending them, said Mr Jain.Figures gathered by Continental Research shows that 36% of"
1," go into the game on the back of a 2-0 victory over Fulham on Sunday.And Wenger added: ""The best way to prepare for a game is to win the previous one.""We do not play a season with 11 players and I believe that all of our squad deserve a chance in the team.""Striker Thierry Henry, along with Robert Pires, scored against Fulham.But it is more enjoyable when you play like we did against FulHAM.And Arsene Wenger has admitted he is at a loss to explain why Newcastle are languishing in the bottom half of the table.That is the only thing that really matters.","Arsenal go into the game on the back of a 2-0 victory over Fulham on Sunday.""We do not play a season with 11 players and I believe that all of our squad deserve a chance in the team.""But it is more enjoyable when you play like we did against Fulham.Those were games we lost.""""We are playing as a team and that is important because there were some games when we maybe were not there as a team and suffered for that.And Wenger added: ""The best way to prepare for a game is to win the previous one.And Wenger said: ""At the beginning of the season you would expect them to be fighting for the top four."
2," a statement, Media Labs Europe said the decision to close was taken because neither the Irish Government nor the prestigious US-based Massachusetts Institute of Technology (MIT) was willing to fund it.The research centre is supposed to be self-funded, but has failed to attract the private cash injection it needs.""In the end, it was too deep and too long a recession,"" said Simon Jones, the Labs' managing director.Ahern had wanted to the centre to become a big draw for smaller hi-tech companies, in an attempt to regenerate the area.Dublin's hi technology research laboratory, Media labs Europe, is to shut down.Some concepts fed into science, engineering, and psychology as well as technology, but it is thought","In a statement, Media Labs Europe said the decision to close was taken because neither the Irish Government nor the prestigious US-based Massachusetts Institute of Technology (MIT) was willing to fund it.The research centre, which was started by the Irish government and the Massachusetts Institute of Technology, was a hotbed for technology concepts.""In the end, it was too deep and too long a recession,"" said Simon Jones, the Labs' managing director.It is thought more than 50 people will lose their jobs when the Labs close on 1 February.BT was just one of the companies that had worked with the Labs, looking at RFID tag developments and video conferencing.Dublin's hi-tech research laboratory, Media Labs Europe, is to"
3," Knapman rejected the idea Mr Kilroy-Silk posed a threat to UKIP and queried why he had failed to confirm rumours he was starting a new political party.Mr Kilroy,Silk also told Sky News there was ""masses of support"" for him to form a new party - something he has yet to confirm will happen.""He has remarkable ability to influence people but, sadly, after the (European) election it became clear that he was more interested in the Robert Kilroy.-Silk Party than the UK Independence Party so it was nice knowing him, now 'goodbye',"" Mr Knapmen told BBC Radio 4's Today programme.UKIP leader Roger Knapmann said he would ""break open the","Mr Knapman rejected the idea Mr Kilroy-Silk posed a threat to UKIP and queried why he had failed to confirm rumours he was starting a new political party.""He has remarkable ability to influence people but, sadly, after the (European) election it became clear that he was more interested in the Robert Kilroy-Silk Party than the UK Independence Party so it was nice knowing him, now 'goodbye',"" Mr Knapman told BBC Radio 4's Today programme.On Thursday, the party challenged Mr Kilroy-Silk to stand down as an MEP so voters can get a genuine UKIP candidate.""The party is going nowhere and I'm embarrassed with its allies in Europe and I'm ashamed to be a member"
4, proponents of the bill said it was a good compromise that avoided the excesses of the American system which allows the patenting of business practices as well as software.The European Parliament has thrown out a bill that would have allowed software to be patented.To become law both the European Parliament and a qualified majority of EU states have to approve of the draft wording of the legislation.Politicians unanimously rejected the bill and now it must go through another round of consultation if it is to have a chance of becoming law.During consultation the software patents bill could be substantially re-drafted or even scrapped.He said the benefits of the individual bill had been obscured by special interest groups which muddied debate over the rights and wrongs of software patents,The European Parliament has thrown out a bill that would have allowed software to be patented.To become law both the European Parliament and a qualified majority of EU states have to approve of the draft wording of the bill.During consultation the software patents bill could be substantially re-drafted or even scrapped.Politicians unanimously rejected the bill and now it must go through another round of consultation if it is to have a chance of becoming law.Other proponents of the bill said it was a good compromise that avoided the excesses of the American system which allows the patenting of business practices as well as software.He said the benefits of the bill had been obscured by special interest groups which muddied debate over the rights and wrongs of software patents.
5," laser links also take far less time to set up and get working, said Mr Sridharan.""In this particular geography getting permission to dig the ground and lay the pipes is a bit of a task,"" said Mr R. Sridaran, vice president of networks at Tata.Tata Teleservices is using the lasers to make the link between customers' offices and its own core network.""Heavy traffic and the layout under the ground mean that digging is uniquely difficult,"" he said.The Lightpointe laser bridges work over distances of up to 4km and are being used to route both voice and data from businesses on to the backbone of the network.An Indian telecommunications firm has turned to lasers to help it overcome the","The laser links also take far less time to set up and get working, said Mr Sridharan.In 12 months the lasers have helped the firm set up networks in more than 700 locations.The laser bridges can route data at speeds up to 1.25gbps (2,000 times faster than a 512kbps broadband connection) but Tata is running its hardware at more modest speeds of 1-2mbps.Tata Teleservices is using the lasers to make the link between customers' offices and its own core network.The Lightpointe laser bridges work over distances of up to 4km and are being used to route both voice and data from businesses on to the backbone of the network.An Indian telecommunications firm"
6," Tony Cowell is among the judges who will hear aspiring writers read their work aloud.The winner gets a deal with literary agency Curtis Brown.""I'm not going to be the Mr Nasty of books,"" said Cowell, 54, in reference to his brother's caustic remarks on TV shows Pop Idol and The X-Factor.The final five will then have to read their own work in front of judging panel.Writer Tony Coweller is amongthe judges who can hear aspiring Writers read their works aloud.A public vote will also take place, which will account for 25% of the final decision.The first Pop Idol-style search for literary talent has begun with the help of the brother of Simon Cowell.""It's","Writer Tony Cowell is among the judges who will hear aspiring writers read their work aloud.The final five will then have to read their work in front of judging panel.""It's very, very hard to find an agent and extremely difficult, without an agent, to get a publisher to look at your work,"" said Cowell.The winner gets a deal with literary agency Curtis Brown.The 2004 winner, Paul Cavanagh, went on to sign a deal with Harper Collins.""I'm not going to be the Mr Nasty of books,"" said Cowell, 54, in reference to his brother's caustic remarks on TV shows Pop Idol and The X-Factor.The winner will be announced at the London Book Fair on 14"
7," said he had not been involved in the choice of Lord Hutton, who as a law lord did not come under his jurisdiction.In written evidence to the committee, Lord Woolf said: ""I have, so far, failed to reach an agreement with the lord chancellor on this issue... I intend to maintain my position and will press for this safeguard to be in any future legislation.""Lord Woolf was determined his current veto on whether a judge should chair an inquiry should continue as a guard for judicial independence.A Department for Constitutional Affairs spokeswoman said Lord Woolverf would stand down as an executive so all parties can act in the same way if they want it to be treated differently.But he argued he should have a veto onWhether","""As Lord Woolf also acknowledged, it is highly unlikely that the lord chancellor would appoint a judge against the wishes of the lord chief justice.Lord Woolf said the current rules were not written down but it was inconceivable in practice that the lord chancellor would overrule his concerns.In written evidence to the committee, Lord Woolf said: ""I have, so far, failed to reach an agreement with the lord chancellor on this issue...Lord Woolf said he was determined his current veto on whether a judge should chair an inquiry should continue as a guard for judicial independence.Lord Woolf, who is Lord Chief Justice of England and Wales, was giving evidence to the Commons public administration select committee's inquiry into public inquiries.But he"
8," was due to have a hospital scan on Monday, while Gloucester centre Henry Paul, who started at fly-half against Bath, limped out at Kingsholm because of an ankle problem.Bath prop Duncan Bell has been added to England's 30-man squad to face Ireland in the RBS Six Nations.But Sheridan favours the loosehead side of the scrum and a more likely scenario is for uncapped Bell - who was among the tryscorers when England A beat France A 30-20 nine days ago - to be drafted in.And with Phil Vickery sidelined for at least six weeks with a broken arm and Julian White out with a neck injury, Bell could make his England debut.","Bath prop Duncan Bell has been added to England's 30-man squad to face Ireland in the RBS Six Nations.And with Phil Vickery sidelined for at least six weeks with a broken arm and Julian White out with a neck injury, Bell could make his England debut.Robinson also has an injury worry over centre Olly Barkley, who withdrew from Bath's starting line-up to face Gloucester last weekend.He was due to have a hospital scan on Monday, while Gloucester centre Henry Paul, who started at fly-half against Bath, limped out at Kingsholm because of an ankle problem.England coach Andy Robinson could take a gamble and call inexperienced Sale Sharks prop Andrew Sheridan into his front row."
9," said: ""We are looking after each other and hard work goes a long way in this league.Everton defender David Weir has played down talk of European football, despite his team lying in second place in the Premiership after beating Liverpool.""Also injuries and suspensions haven't cost us too badly and we have a lot of self-belief around the place.""","Everton defender David Weir has played down talk of European football, despite his team lying in second place in the Premiership after beating Liverpool.""I think you start taking your eye off the ball if you make statements and look too far into the future.""If you start making predictions you soon fall back into trouble.""Also injuries and suspensions haven't cost us too badly and we have a lot of self-belief around the place."""
10," highlighted technology trends over the last year that had driven the need to make technology and transferring content across difference devices ""seamless"".Several partnerships with device and hardware manufacturers were highlighted during Mr Gates' speech, but there were few major groundbreaking new technology announcements.""People are online and playing together and that really points to the future,"" he said.Bill Gates has opened the Consumer Electronics Show (CES) in Las Vegas, saying that gadgets are working together more to help people manage multimedia content around the home and on the move.Mr Gates said that a lot of work had been done in the last years to sort out usability and compatibility issues between devices to make it easier to share content.The latest trends in digital imaging, storage technologies,","He highlighted technology trends over the last year that had driven the need to make technology and transferring content across difference devices ""seamless"".Mr Gates said that a lot of work had been done in the last year to sort out usability and compatibility issues between devices to make it easier to share content.Several partnerships with device and hardware manufacturers were highlighted during Mr Gates' speech, but there were few major groundbreaking new technology announcements.Bill Gates has opened the Consumer Electronics Show (CES) in Las Vegas, saying that gadgets are working together more to help people manage multimedia content around the home and on the move.""It is the way all these devices work together which will make the difference,"" he said.Mr Gates said the PC, like Microsoft's"
11," operators have sharply revised downwards its profits for the 2003 fiscal year.""With the completion of our restatements we have a solid foundation on which to move forward with our business,"" said Nortel president and chief executive Bill Owens.Nortel added: ""these members of the core executive team share the board's deep disappointment over the circumstances that led to the restatement.""Telecoms equipment maker Nortel Networks has sharply revised backwards its profitsfor the 2003 Fiscal year.Nortsel also issued new figures for the 2001-2002 period, which they had previously indicated had understated losses.","""With the completion of our restatements we have a solid foundation on which to move forward with our business,"" said Nortel president and chief executive Bill Owens.Nortel added: ""these members of the core executive team share the board's deep disappointment over the circumstances that led to the restatement.""Telecoms equipment maker Nortel Networks has sharply revised downwards its profits for the 2003 fiscal year.Nortel also issued new figures for the 2001-2002 period, which they had previously indicated had understated losses.In a long-awaited filing, Nortel said it had made $434m (Â£231m), compared to the previously reported $732m."
12," prices have risen 0.9% this year, Nationwide said, and if this pace of increase persists, prices would rise by just under 6% in the year to December.Nationwide said that in January house prices went up by 0.4% on the month and by 12.6% on a year earlier.""We are not seeing the market collapsing in the way some had feared,"" said Nationwide economist Alex Bannister.In November, Barclays, which owns former building society the Woolwich, forecast an 8% fall in property prices in 2005, followed by further declines in 2006 and 2007.The annual rate has halved since August last year, as interest rises have cooled the housing market.Homeowners now expect house prices to","House prices have risen 0.9% this year, Nationwide said, and if this pace of increase persists, prices would rise by just under 6% in the year to December.Nationwide said that in January house prices went up by 0.4% on the month and by 12.6% on a year earlier.New mortgage loans in January fell to 79,000 from 82,000 in December, the bank said.At the same time, the number of mortgage approvals fell in January to a near 10-year low, official Bank of England figures have shown.The annual rate has halved since August last year, as interest rises have cooled the housing market.He said if the growth continued at this level then the Bank of"
13," the success of Meet The Fockers, takings were down 26.5% on 2003's figures - which was blamed on Christmas falling over a weekend this year.It took $19.1m (Â£9.9m) on Christmas Day alone, the highest takings on that day in box office history.Comedy Meet The fockers topped the festive box office in North America, setting a new record for Christmas Day.The Aviator, starring Leonardo DiCaprio as Howard Hughes, took $9.4m after expanding from 40 to 1,796 cinemas on ChristmasDay.","It took $19.1m (Â£9.9m) on Christmas Day alone, the highest takings on that day in box office history.Comedy Meet The Fockers topped the festive box office in North America, setting a new record for Christmas Day.Despite the success of Meet The Fockers, takings were down 26.5% on 2003's figures - which was blamed on Christmas falling over a weekend this year.The Aviator, starring Leonardo DiCaprio as Howard Hughes, took $9.4m after expanding from 40 to 1,796 cinemas on Christmas Day."
14," Roddick will play Cyril Saulnier in the final of the SAP Open in San Jose on Sunday.""On my returns, I was standing in more and I'm getting a little more depth, even if I don't hit a perfect return.""The Frenchman twisted his ankle early in the second set but overcame Melzer, who was left fuming over a series of line calls, 6-7 (3-7) 6-36-3.Saulnier will move into the world's top 50 for the first time after his passage through to the final.""I was feeling horrible earlier in the week,"" Roddwick said.And Saulniers survived an injury scare in his semi-final with seventh-","""On my returns, I was standing in more and I'm getting a little more depth, even if I don't hit a perfect return.""Andy Roddick will play Cyril Saulnier in the final of the SAP Open in San Jose on Sunday.The Frenchman twisted his ankle early in the second set but overcame Melzer, who was left fuming over a series of line calls, 6-7 (3-7) 6-3 6-3.Saulnier will move into the world's top 50 for the first time after his passage through to the final.""I was feeling horrible earlier in the week,"" Roddick said.""It's taken a lot of work and a lot of fighting in my mind"
15,"ukos says a US court was entitled to declare it bankrupt before its Yugansk unit was sold, since it has a US subsidiary and local bank accounts.Russian authorities do not have to abide by any US court decisions taken with regard to troubled oil giant Yukos, a Houston court has been told.It has claimed that Russia imposed the huge tax bill and forced the sale of Yugansk as part of a campaign to destroy Yukos and its former owner Mihkail Khodorkovsky, who is facing a 10-year prison term in Russia for fraud and tax evasion.The US court's jurisdiction has been challenged by Deutsche Bank and Gazpromneft, a former unit of Russian gas monopoly Gazprom which is due to merge","Yukos says a US court was entitled to declare it bankrupt before its Yugansk unit was sold, since it has a US subsidiary and local bank accounts.Deutsche Bank maintains the case has no place in a US court because Yukos has no assets in the US, apart from two bank accounts and a house in Houston owned by its chief finance officer Bruce Misamore.Russian authorities do not have to abide by any US court decisions taken with regard to troubled oil giant Yukos, a Houston court has been told.The company is also seeking $20bn in a separate US lawsuit against Rosneft and Gazprom for their role in the sale of Yugansk.Yukos has claimed it sought help in the US because other"
16," survey is more upbeat than official figures - which suggest that manufacturing is in recession - but analysts said the survey did suggest that the manufacturing recovery was running out of steam.The Chartered Institute of Purchasing and Supply (CIPS) said its purchasing manager index (PMI) fell to 51.8 from a revised 53.3 in December.UK manufacturing grew at its slowest pace in one-and-a-half years in January, according to a survey.That triggered the second successive monthly fall in the CIPS employment index to 48.3 - its lowest level since June 2003.","The survey is more upbeat than official figures - which suggest that manufacturing is in recession - but analysts said the survey did suggest that the manufacturing recovery was running out of steam.The Chartered Institute of Purchasing and Supply (CIPS) said its purchasing manager index (PMI) fell to 51.8 from a revised 53.3 in December.UK manufacturing grew at its slowest pace in one-and-a-half years in January, according to a survey.The CIPS said that the strong pound had dented exports while rising oil and metals prices had kept costs high."
17," will have to negotiate their way through a tough draw if they are to win the Rugby World Cup Sevens in Hong Kong next month.""England have the ability and determination to win this World Cup and create sporting history by being the only nation to hold both the 15s and Sevens World Cups at the same time,"" said England sevens coach Mike Friday.South Africa (5), Kenya, Tunisia, Russia, Uruguay.England won the first rugby World Cup Nines in 1993 with a side that included the likes of Lawrence Dallaglio and Matt Dawson.The top two sides in each pool qualify but England could face 2001 winners New Zealand in the quarter-finals if they stumble against Samoa.In 1997 and 2001, England lost in","England will have to negotiate their way through a tough draw if they are to win the Rugby World Cup Sevens in Hong Kong next month.England (2), Samoa (7), France, Italy, Georgia, Chinese Taipei.England won the first Rugby World Cup Sevens in 1993 with a side that included the likes of Lawrence Dallaglio and Matt Dawson.""England have the ability and determination to win this World Cup and create sporting history by being the only nation to hold both the 15s and Sevens World Cups at the same time,"" said England sevens coach Mike Friday.The top two sides in each pool qualify but England could face 2001 winners New Zealand in the quarter-finals if they stumble against Samoa.""England have a"
18,"blogs have been nominated in 30 categories, from the top regional blog, to the best-kept-secret blog.The big Bloggies battle will be for the ultimate prize of blog of the year.In a sign that blogs are playing an increasingly key part in spreading news and current affairs, The South-East Asia Earthquake and Tsunami Blog is also nominated in the best overall category.A blog is created every 5.8 seconds, according to US research think-tank Pew Internet and American Life, but less than 40% of the total are updated at least once every two months.Voting is under way for the annual BloggIES which recognise the best web blogs - online spaces where people publish their thoughts - of the","In a sign that blogs are playing an increasingly key part in spreading news and current affairs, The South-East Asia Earthquake and Tsunami Blog is also nominated in the best overall category.Voting is under way for the annual Bloggies which recognise the best web blogs - online spaces where people publish their thoughts - of the year.One of the categories that was scrapped though was best music blog.Weblogs have been nominated in 30 categories, from the top regional blog, to the best-kept-secret blog.Blogs had a huge year, with a top US dictionary naming ""blog"" word of 2004.The big Bloggies battle will be for the ultimate prize of blog of the year.Technorati, a"
19," captain Jason Robinson will miss the rest of the Six Nations because of injury.Robinson said: ""This is very disappointing for me as this means I miss England's last two games in the Six States at Twickenham and two games for my club, Sale Sharks.""As England captain he has been an immense figure during the autumn internationals and the Six Nation, leading by example at all times.Former England skipper Jeremy Guscott told BBC Radio Five Live his choice would be Matt Dawson, even though he is does not hold a regular starting place.Southall has the gift of being able to surprise - to feint right and catch the goalkeeper unaworn,"" he said.But the Sale full-back pulled out of the","England captain Jason Robinson will miss the rest of the Six Nations because of injury.England will announce their squad for the 12 March game against Italy on Saturday.I look forward to having him back in the England squad.""Robinson, stand-in captain in the absence of Jonny Wilkinson, had been due to lead England in their final two games against Italy and Scotland.Robinson said: ""This is very disappointing for me as this means I miss England's last two games in the Six Nations at Twickenham and two games for my club, Sale Sharks.""As England captain he has been an immense figure during the autumn internationals and the Six Nations, leading by example at all times.Former England skipper Jeremy Guscott told BBC"
20," is planning to make Windows and Internet Explorer more secure by including software to give people more control over personal information.Although the flaw was fixed, Microsoft has come under regular criticism for the number of security loopholes in Internet Explorer.The system would differ from its previous attempts to make online transactions more secure, said Microsoft.Microsoft is developing a new version of Internet Explorer browser and its operating system, Windows, which has been code-named Longhorn.While Passport and Hailstorm stored user information centrally on the net, the latest system will store data on a user's PC.A quarter of UK adults has either had their ID stolen, via hi-tech or other means, or knows someone who has, a recent report by Which? magazine","Microsoft is planning to make Windows and Internet Explorer more secure by including software to give people more control over personal information.Microsoft is developing a new version of Internet Explorer browser and its operating system, Windows, which has been code-named Longhorn.The system would differ from its previous attempts to make online transactions more secure, said Microsoft.Although the flaw was fixed, Microsoft has come under regular criticism for the number of security loopholes in Internet Explorer.""Info cards"" will help people manage personal details on their PCs to make online services safer, said Microsoft.Michael Stephenson, director in Microsoft's Windows Server division, would not confirm however whether the new info cards ID system will be built into the current Windows XP version or Longhorn.While Passport"
21," report said individual registration should be treated carefully as 12% of voters disappeared from the electoral roll in Northern Ireland when it was introduced in 2002.""It is vital that we move ahead with the Northern Ireland system of individual electoral registration to safeguard the integrity of the Britain's electoral system,"" he said.ODPM committee chairman Andrew Bennett said individual voter registration, as opposed to registration by household, should be quickly introduced as it could ""dramatically reduce the chances of fraud"".A report by two MPs committees called on Thursday for urgent changes to the electoral registration system to combat vote rigging and boost turnout.Figures for the 2001 general election suggest 29% of people aged between 18 and 24, and 19% of black voters were not on the electoral","The report said individual registration should be treated carefully as 12% of voters disappeared from the electoral roll in Northern Ireland when it was introduced in 2002.ODPM committee chairman Andrew Bennett said individual voter registration, as opposed to registration by household, should be quickly introduced as it could ""dramatically reduce the chances of fraud"".""It is vital that we move ahead with the Northern Ireland system of individual electoral registration to safeguard the integrity of the Britain's electoral system,"" he said.A report by two MPs committees called on Thursday for urgent changes to the electoral registration system to combat vote rigging and boost turnout.Figures for the 2001 general election suggest 29% of people aged between 18 and 24, and 19% of black voters were not on the"
22," says it is clamping down on people running pirated versions of its Windows operating system by restricting their access to security features.The Windows Genuine Advantage scheme means people will have to prove their software is genuine from mid-2005.It is also increasing efforts to squash software piracy in China, Norway and the Czech Republic, where pirated software is a huge problem, by offering discounts on legitimate software to users of pirated copies Windows.Microsoft's regular patches which it releases for newly-found security flaws are important because they stop worms, viruses and other threats penetrating PCs.Those running pirate Windows programs would not have access to other downloads and ""add-ons"" that the software giant offers.The company is trying to tackle security threats","Microsoft releases regular security updates to its software to protect PCs.Microsoft says it is clamping down on people running pirated versions of its Windows operating system by restricting their access to security features.It is also increasing efforts to squash software piracy in China, Norway and the Czech Republic, where pirated software is a huge problem, by offering discounts on legitimate software to users of pirated copies Windows.The company is trying to tackle security threats whilst cracking down on pirated software at the same time.Those running pirated Windows programs would not have access to other downloads and ""add-ons"" that the software giant offers.The Windows Genuine Advantage scheme means people will have to prove their software is genuine from mid-2005.Microsoft's regular"
23," Blair acknowledged some people believed he was too close to the Israelis, but said the Israelis were entitled to expect Palestinians to give up terrorism.At a news conference following talks with Mr Blair, Mr Abbas said the British prime minister was ""in a unique position to help us progress in our peaceful pursuit"".Mr Blair held talks with his Israeli counterpart, Ariel Sharon, and the Palestinian leader, Mahmoud Abbas.Mr Blair also made a surprise trip to Iraq this week.Mr Brown also made an surprise trip from Iraq this Wednesday.In an interview with the BBC's political editor Andrew Marr, Mr Blair said getting progress between Israelis and Palestinians would be ""tough, but at least we have got the first step"".Mr Bush also made one surprise","At a news conference following talks with Mr Blair, Mr Abbas said the British prime minister was ""in a unique position to help us progress in our peaceful pursuit"".Mr Blair also made a surprise trip to Iraq this week.Mr Blair acknowledged some people believed he was too close to the Israelis, but said the Israelis were entitled to expect Palestinians to give up terrorism.Mr Blair held talks with his Israeli counterpart, Ariel Sharon, and the Palestinian leader, Mahmoud Abbas.In an interview with the BBC's political editor Andrew Marr, Mr Blair said getting progress between Israelis and Palestinians would be ""tough, but at least we have got the first step"".Before visiting Israel, Mr Blair made a surprise visit to Iraq, where he met leaders in"
24,"-German carmaker DaimlerChrysler has sold 2.1% more cars in 2004 than in the previous year, as solid Chrysler sales offset a weak showing for Mercedes.Its sales rose 3.5% to 2.7 million units.Smart has consistently lost money since it started trading in 1998, and new model launches are now ""on hold"", said Mercedes chief executive Eckhard Cordes.In Europe, the Smart will now go on sale through regular Mercedes dealerships as well as its own dealer network, Mr Cordes said.","In Europe, the Smart will now go on sale through regular Mercedes dealerships as well as its own dealer network, Mr Cordes said.Its sales rose 3.5% to 2.7 million units.A switch to new models hit luxury marque Mercedes-Benz, with sales down 3.1% at 1.06 million.Smart has consistently lost money since it started trading in 1998, and new model launches are now ""on hold"", said Mercedes chief executive Eckhard Cordes."
25," Groening was also at the awards to collect the award for best international comedy for The Simpsons.Groening recently heaped praise on The Office, saying: ""Everybody on The Simpsons is a fan of The Office - it's one of the best shows on TV in the last decade.""At the British Comedy Awards on Wednesday, Gervais was handed a special achievement award for writing.But The Office missed out in the best comedy show category to Little Britain.The first series won two Golden Globes in 2004 for best comedy and best TV actor for Gervai.The Office's Ricky Gervus is writing an episode of hit US cartoon The Simpsons, following an invitation from its creator Matt Groening.","Matt Groening was also at the awards to collect the award for best international comedy for The Simpsons.Groening recently heaped praise on The Office, saying: ""Everybody on The Simpsons is a fan of The Office - it's one of the best shows on TV in the last decade.""But The Office missed out in the best comedy show category to Little Britain.At the British Comedy Awards on Wednesday, Gervais was handed a special achievement award for writing.The first series won two Golden Globes in 2004 for best comedy and best TV actor for Gervais.The Office's Ricky Gervais is writing an episode of hit US cartoon The Simpsons, following an invitation from its creator Matt Groening."
26," Trotter, news and features editor of PC Pro, said several Sony products helped it to take the innovation award.Other awards decided by PC Pro's staff and contributors included one for Canon's EOS 300D digital camera in the Most Wanted Hardware category.Sony has taken the prize for top innovator at the annual awards of PCs Pro Magazine.""While not always inventing new technology itself, Sony was never afraid to innovate around various formats,"" said Mr Troter.Mr Troterer said Sony's combining of computer, screen and keyboard in the W1 was likely to be widely copied in future home PCs.It won the award for taking risks with products and for its ""brave"" commitment to good design.","Paul Trotter, news and features editor of PC Pro, said several Sony products helped it to take the innovation award.Sony has taken the prize for top innovator at the annual awards of PC Pro Magazine.Other awards decided by PC Pro's staff and contributors included one for Canon's EOS 300D digital camera in the Most Wanted Hardware category.Mr Trotter said Sony's combining of computer, screen and keyboard in the W1 was likely to be widely copied in future home PCs.Conferring the award, PC Pro's staff picked out Sony's PCG-X505/P Vaio laptop as a ""stunning piece of engineering"".Mr Trotter said more than 13,000 people voted for the Rel"
27," allows people to make free PC-based calls to other Skype users.Its paid service - dubbed Skype Out - has so far attracted 940,000 users.Users will need a Skype account - downloadable for free - and they will then be able to make net calls via wi-fi without paying for net access.Wireless provider Broadreach and net telephony firm Skype are rolling out a service at 350 hotspots around the UK this week.It plans to add more paid services with forthcoming launches of video conferencing, voice mail and Skype In, a service which would allow users to receive phone calls from landlines and mobiles.","Skype allows people to make free PC-based calls to other Skype users.Users will need a Skype account - downloadable for free - and they will then be able to make net calls via wi-fi without paying for net access.Its paid service - dubbed Skype Out - has so far attracted 940,000 users.Wireless provider Broadreach and net telephony firm Skype are rolling out a service at 350 hotspots around the UK this week.It plans to add more paid services with forthcoming launches of video conferencing, voice mail and Skype In, a service which would allow users to receive phone calls from landlines and mobiles."
28," Fry will provide the voice of The Guide, an electronic book which accompanies the story's hero Arthur Dent on his travels around the galaxy.Actor Stephen Fry is joining the cast of the forthcoming film adaptation of The Hitchhiker's Guide To The Galaxy.The film's executive producer Robbie Stamp said that Adams, who died in 2001, would have been ""delighted"" with the choice of Fry for the role.""Being asked to do the voice Of The Guide is like having your birthday on Christmas Day, discovering a winning lottery ticket in your stocking and having chocolate poured all over you,"" said Fry, a self-confessed fan of the book.","Fry will provide the voice of The Guide, an electronic book which accompanies the story's hero Arthur Dent on his travels around the galaxy.Actor Stephen Fry is joining the cast of the forthcoming film adaptation of The Hitchhiker's Guide To The Galaxy.""Being asked to do the voice of The Guide is like having your birthday on Christmas Day, discovering a winning lottery ticket in your stocking and having chocolate poured all over you,"" said Fry, a self-confessed fan of the book.The film's executive producer Robbie Stamp said that Adams, who died in 2001, would have been ""delighted"" with the choice of Fry for the role."
29," Wass was also given a curfew and told to surrender his passport.A lawyer representing Mr Doherty and Mr Wass said outside court the pair strenuously denied the charges.Mr Doherty, 25, was arrested following an alleged incident in a London hotel on Wednesday evening.The former Libertines singer had been granted bail with curfew restrictions at Highbury Corner Magistrates Court on charges of robbery and blackmail.Singer Pete Doherty will have to spend the weekend in jail because he could not come up with Â£150,000 bond money for his bail on time.","Mr Wass was also given a curfew and told to surrender his passport.Mr Doherty, 25, was arrested following an alleged incident in a London hotel on Wednesday evening.A lawyer representing Mr Doherty and Mr Wass said outside court the pair strenuously denied the charges.Magistrates imposed a range of bail conditions on Mr Doherty including a curfew between 2200 and 0700, except when he attends a drug rehabilitation centre.Singer Pete Doherty will have to spend the weekend in jail because he could not come up with Â£150,000 bond money for his bail on time.Mr Doherty left The Libertines at the end of June 2004, but continued performing with his band Babyshambles."
30," Comedian Harry Hill will host a spoof nostalgia show on Christmas Day, while singer Jamie Cullum will perform a live concert for the station.Other Christmas specials from Radio 2 include singer Jamelia hosting a Christmas Day concert from the London Community Gospel Choir, while actor Christopher Lee will read Fireside Tales from the likes of Edgar Allan Poe, E Nesbit and Ambrose Bierce.George Michael is to perform live at London's Abbey Road studios as part of a BBC Radio 2 special next month.Michael's appearance is part of the station's Sold on Song initiative, which explores the art of songwriting.","Comedian Harry Hill will host a spoof nostalgia show on Christmas Day, while singer Jamie Cullum will perform a live concert for the station.The station also confirmed that Chris Tarrant will be hosting a one-off New Year's Eve programme.George Michael is to perform live at London's Abbey Road studios as part of a BBC Radio 2 special next month.Other Christmas specials from Radio 2 include singer Jamelia hosting a Christmas Day concert from the London Community Gospel Choir, while actor Christopher Lee will read Fireside Tales from the likes of Edgar Allan Poe, E Nesbit and Ambrose Bierce.He left London's Capital FM this year after 17 years."
31,"ston Villa's Carlton Cole could be out for six weeks with a knee injury.The return to fitness of Darius Vassell after four months out with a broken ankle and the emergence of Luke Moore has alleviated some of the Villa's manager's problems in that department.""Carlton will be out of action for four to six weeks after a bad challenge,"" said Villa boss David O'Leary.","Aston Villa's Carlton Cole could be out for six weeks with a knee injury.The return to fitness of Darius Vassell after four months out with a broken ankle and the emergence of Luke Moore has alleviated some of the Villa's manager's problems in that department.""Carlton will be out of action for four to six weeks after a bad challenge,"" said Villa boss David O'Leary."
32," CBI quarterly survey found output had risen by the fastest rate in seven years but many firms were seeing the benefits offset by increasing expenses.The CBI found some firms managed to increase prices for the first time in nine years - but many said increases failed to keep up the rise in costs.When firms were questioned on output volume, the survey returned a balance of plus 8 - the highest rate of increase for seven years - and rose to plus 11 when looking ahead to the next three months.Rising fuel and materials costs are hitting confidence among the UK's small manufacturers despite a rise in output, business lobby group the CBI says.","A CBI quarterly survey found output had risen by the fastest rate in seven years but many firms were seeing the benefits offset by increasing expenses.When firms were questioned on output volume, the survey returned a balance of plus 8 - the highest rate of increase for seven years - and rose to plus 11 when looking ahead to the next three months.The CBI found some firms managed to increase prices for the first time in nine years - but many said increases failed to keep up the rise in costs.The CBI said companies are looking to the government to lessen the regulatory load and are hoping interest rates will be kept on hold.The CBI also found spending on innovation, training and retraining is forecast to go up over the next year."
33," Brown said it was a major breakthrough for the international organisations to offer up to 100% multilateral debt relief - ""the vast bulk"" of money owed by the poorest countries.UK chancellor Gordon Brown said the London meeting of the world's seven richest nations would be remembered as ""the 100% debt relief summit"".Mr Brown said G7 ministers had agreed to defer debt interest payments and repayments for some countries affected by the tsunami until the end of 2005.But the US says it cannot support Mr Brown's International Finance Facility to boost aid to developing countries.Mr Brown wanted to provide $10bn (Â£5.38bn) a year over a decade, using G7 backing so the money could be borrowed up.Some 37","Mr Brown said it was ""winning support every day"" and said a programme had been agreed to draw up more details in time for the G8 summit in July.G7 finance ministers have backed plans to write off up to 100% of the debts of some of the world's poorest countries.Mr Brown said G7 ministers had agreed to defer debt interest payments and repayments for some countries affected by the tsunami until the end of 2005.Mr Brown said it was a major breakthrough for the international organisations to offer up to 100% multilateral debt relief - ""the vast bulk"" of money owed by the poorest countries.UK chancellor Gordon Brown said the London meeting of the world's seven richest nations would be remembered as ""the 100% debt"
34," there was nothing Martyn could do when United doubled their lead after 57 minutes as they doubled their advantage.Wayne Rooney made a winning return to Everton as Manchester United cruised into the FA Cup quarter-finals.But that was the cue for United to take complete control with a supreme passing display on a Goodison Park pitch that was cutting up.And Martyn came to Everton's rescue three minutes later when Rooney's big moment almost arrived as he raced clean through, but once again the veteran keeper was in outstanding form.Mourinho's desperate search for a goal on his returns to Everton was halted again by Martyn in injury-time when he outpaced Stubbs, and it enabled him to notch another penalty in the 63","But there was nothing Martyn could do when United doubled their lead after 57 minutes as they doubled their advantage.Rooney's desperate search for a goal on his return to Everton was halted again by Martyn in injury-time when he outpaced Stubbs, but once again Martyn denied the England striker.United almost doubled their lead after 48 minutes when Ronaldo's low drive from 25 yards took a deflection off Tony Hibbert, but Martyn dived to save brilliantly.And Martyn came to Everton's rescue three minutes later when Rooney's big moment almost arrived as he raced clean through, but once again the veteran keeper was in outstanding form.But that was the cue for United to take complete control with a supreme passing display on"
35," in the UK between the ages of 10 and 17 had an annual income of Â£775, said market analyst Datamonitor.They use ""pester power"" to get their parents to stump up nearly a third of this income, the report said.British children enjoy the highest average annual income in Europe - more than double that of Spanish or Italian youngsters, a report suggests.The most keen to use make-up products.And the good times are likely to keep rolling for British children, as the report predicts that they will still be topping the earnings table in 2008.","Children in the UK between the ages of 10 and 17 had an annual income of Â£775, said market analyst Datamonitor.They use ""pester power"" to get their parents to stump up nearly a third of this income, the report said.According to the Datamonitor report the trend marked British teenagers out as ""particularly important to cosmetics manufacturers as they are likely to experiment more with brands and products and form long-term beauty routines"".British children enjoy the highest average annual income in Europe - more than double that of Spanish or Italian youngsters, a report suggests."
36," month Wenger said he we was hopeful Edu would sign a new deal and played down suggestions that the lure of a club like Real Madrid would be too strong for Edu.""If they had really wanted to sign they should have come up with an offer six months before indicating they wanted to signed me and that's made me think.""Last month Wenger told he we were hopeful Edu wouldn sign a different deal and asked down suggestionsthat the lure out a clubLike Real Madrid.Edu said: ""I've just heard stories from the news that the Madrid president Florentino Perez, the Valencia people, as well as Barcelona are interested.He told BBC Sport: "" I'm not sure if I want to stay or not because the club have let","Last month Wenger said he we was hopeful Edu would sign a new deal and played down suggestions that the lure of a club like Real Madrid would be too strong for Edu.Arsenal's Brazilian midfielder Edu has hit out at the club for stalling over offering him a new contract.He told BBC Sport: ""I'm not sure if I want to stay or not because the club have let the situation go on this far.I want to sort it out as soon as possible, that's in the best interests of both the club and myself.Edu said: ""I've just heard stories from the news that the Madrid president Florentino Perez, the Valencia people, as well as Barcelona are interested.Edu is now able to begin"
37," Stanzel, a spokesman for the Bush-Cheney campaign said: ""The measure was taken for security reasons.""Some web users in Canada also report that they can browse the site.The official re-election site of President George W Bush is blocking visits from overseas users for ""security reasons"".Southwest said that since the early hours of 25 October attempts to view the site got a message saying they are not authorised to view it.The blocking began early on Monday so those outside the US and trying toview the site still be viewed by overseas users For ""security reason"".There are now at least three working alternative domains for theBush-Cheneys campaign that let web users outside theUS visit the site.: ""We need to ensure","There are now at least three working alternative domains for the Bush-Cheney campaign that let web users outside the US visit the site.Data gathered by Netcraft on the pattern of traffic to the site shows that the blocking is not the result of another denial of service attack.The official re-election site of President George W Bush is blocking visits from overseas users for ""security reasons"".The site can also be seen using anonymous proxy services that are based in the US.The blocking began early on Monday so those outside the US and trying to view the site got a message saying they are not authorised to view it.Some web users in Canada also report that they can browse the site.Managing traffic could also be a good way to ensure"
38,"Disney will sell the new shares priced at 9 euros cents each.EuroDisney, the European home of Mickey Mouse and friends, has said it will sell 253m euros (Â£175m; $328m) of new shares as it looks to avoid insolvency.A new attraction - Walt Disney Studios - has recently opened its site near Paris.Despite struggling since it was opened in 1992, EuroDisney has recently made progress in turning its business around and ticket sales have picked up.","EuroDisney will sell the new shares priced at 9 euros cents each.EuroDisney, the European home of Mickey Mouse and friends, has said it will sell 253m euros (Â£175m; $328m) of new shares as it looks to avoid insolvency.A new attraction - Walt Disney Studios - has recently opened its site near Paris.Despite struggling since it was opened in 1992, EuroDisney has recently made progress in turning its business around and ticket sales have picked up."
39,", flag carrier Air India is considering to buy 50 new aircraft from either Boeing or Airbus.The US company also said it had agreed with a new Indian budget airline the sale of 10 737-800 planes for $630m.India's defence minister has opened the country's Aero India 2005 air show with an invitation for global aerospace firms to outsource jobs to the nation.""There is tremendous scope for outsourcing from India in areas where the companies are competitive,"" said Mr Mukerjee.In fact, the Indian Armed Force is considering the buying of used P-3 Orion as well as F-16 fighter jets from Lockheed.But the Indian Air Force is also considering proposals from other foreign firms such as France's Dassault Aviation, Sweden's","The US company also said it had agreed with a new Indian budget airline the sale of 10 737-800 planes for $630m.Giants such Boeing and Airbus - on the civil aviation front - as well as Lockheed Martin and France's Snecma - on the military side - are some of the firms attending the show.Airbus has also recently signed fresh deals with two Indian airlines - Air Deccan and Kingfisher.Meanwhile, flag carrier Air India is considering to buy 50 new aircraft from either Boeing or Airbus.India's defence minister has opened the country's Aero India 2005 air show with an invitation for global aerospace firms to outsource jobs to the nation.But the Indian Air Force is also considering proposals from other foreign"
40," year, the South Bank Award for best TV drama went to Steven Poliakoff's period piece The Lost Prince, while Bloody Sunday, about the 1972 killings in Northern Ireland, won in 2003.Little Britain was named best comedy while Franz Ferdinand beat Morrissey and The Libertines to the music award.Shane Meadows' Dead Man's Shoes picked up the best film award, beating Shaun of the Dead and My Summer of Love.In other South Bank categories, Little Britain's second series beat Nighty Night and The Green Wing to the comedy trophy while Alan Bennett's The History Boys won in the theatre category.","Last year, the South Bank Award for best TV drama went to Steven Poliakoff's period piece The Lost Prince, while Bloody Sunday, about the 1972 killings in Northern Ireland, won in 2003.Little Britain was named best comedy while Franz Ferdinand beat Morrissey and The Libertines to the music award.The soap beat fellow ITV1 show Filthy Love and Channel 4's Shameless to win the best TV drama prize on Thursday.Shane Meadows' Dead Man's Shoes picked up the best film award, beating Shaun of the Dead and My Summer of Love."
41,", there will surely be a wider spectrum for international music as three top radio DJs unite under the One World name.Radio 1 said the station was not trying to replace Peel, but would rise to the ""challenge"" of ""keeping his legacy alive"" with unpredictable music.The whole glory of John Peel was the fact he was not commited to one genre.Everyone who listens to her show understands understands and compares her to Mr Peel.Rob Da Bank is one of the hosts of The Blue Room, an early morning weekend show which plays electronic and dance music.Also, it will undoubtedly be more fun for the audience this year too.All three will play ""diverse, unpredictable and non-commercial"" songs under the banner of","The permanent replacement for late DJ John Peel's BBC Radio 1 show goes on air on Tuesday, with three hosts chosen to fill the legendary presenter's slot.Rob Da Bank is one of the hosts of The Blue Room, an early morning weekend show which plays electronic and dance music.Radio 1 said the station was not trying to replace Peel, but would rise to the ""challenge"" of ""keeping his legacy alive"" with unpredictable music.Also, there will surely be a wider spectrum for international music as three top radio DJs unite under the One World name.Everyone who listens to her show understands and compares her to the ledgendary John Peel.The whole glory of John Peel was the fact he was not commited to one genre"
42," United fans wearing Eric Cantona masks will not be allowed in Selhurst Park on Saturday.Four months after the Cantona incident a Palace fan, Paul Nixon, was killed prior to an FA Cup semi-final at Villa Park.United fans are planning to mark the 10th anniversary of Cantona's infamous kung-fu kick on Crystal Palace fan Matthew Simmons by wearing the masks.","Manchester United fans wearing Eric Cantona masks will not be allowed in Selhurst Park on Saturday.""And no fans wearing Cantona masks will be allowed entry to the stadium.""Four months after the Cantona incident a Palace fan, Paul Nixon, was killed prior to an FA Cup semi-final at Villa Park."
43," according to the BBC poll, 61% said the issue of trust made no difference to whether or not they would vote at the next election, widely expected on 5 May.The Lib Dems are also keen to highlight the trust issue, with Charles Kennedy has claiming voters had a ""fundamental lack of trust in the prime minister"".Some 87% said politicians did not keep the promises they made before elections, while 92% said they never gave ""a straight answer"".Eight out of 10 voters do not trust politicians to tell the truth, a new poll conducted for the BBC suggests.Lib Dem foreign affairs spokesman Menzies Campbell said the Iraq war had hit trust in politicians hard.And 87% of the 1,000 adults quizzed by","But according to the BBC poll, 61% said the issue of trust made no difference to whether or not they would vote at the next election, widely expected on 5 May.Lib Dem foreign affairs spokesman Menzies Campbell said the Iraq war had hit trust in politicians hard.The Lib Dems are also keen to highlight the trust issue, with Charles Kennedy has claiming voters had a ""fundamental lack of trust in the prime minister"".Eight out of 10 voters do not trust politicians to tell the truth, a new poll conducted for the BBC suggests.The poll comes after Foreign Secretary Jack Straw predicted trust would be ""the key choice"" at the next election.The Conservatives are keen to highlight the trust issue.Former education secretary Estelle Morris told"
44," of the key issues for keen gadget users is how to store all their digital images, audio and video files.""It is the first time you can say a hard drive is sexy,"" it said.The external USB drive won a CES best innovations design and engineering award and is small enough to slip into a pocket.""We are proud of it because it has the sound quality for our audiophile gadgets.One gadget that might help swell the collection of fashionable gadgets is the Apple iPod.In the centre of the device is a blue light that flashes while data is being written to ensure users do not unplug it when it is busy saving those precious pictures.Mr Taylor said gamers were ""ravenous"" for high-quality graphics and technology for","One of the key issues for keen gadget users is how to store all their digital images, audio and video files.MPIO's tiny digital USB music players come in an array of fashionable colours, taking a leaf out of the Apple iPod mini book of design and reflecting the desire for gadgets that look good.""We are proud of it because it has the sound quality for the audiophile and the looks for the design-conscious consumer.""DAB sets have been slow to take-off in the UK, but this one concentrates on sleek looks as much as technology.One gadget that might help swell that collection is Sanyo's tiny handheld VPC-C4 camcorder which is another innovation in design and engineering award winner.The"
45," is not just a one-way relationship between the viewer and the ""broadcaster"".Last year, he said, was all about deal making and partnering up; shaping the ""IPTV ecosystem"".What telcos really want to do is to send the ""triple-play"" of video, voice, and data down one single line, be it cable or DSL (Digital Subscriber Line).""Telcos have been wanting to do video for a long time,"" Ed Graczyk, director of marketing for Microsoft IPTV, told the BBC News website.""Compression technology was not efficient enough, the net was not good enough.Internet TV has been talked about since the start of the web as we know it now.This allows for","Last year, he said, was all about deal making and partnering up; shaping the ""IPTV ecosystem"".This type of IPTV service might also be a distribution channel for more established publishers who have unique types of content that they cannot offer through cable and satellite operators - history channel archives, for instance.Its deal with US telco SBC was the largest TV software deal to date, said Mr Graczyk.What is a clear sign that IPTV has a future is that Microsoft is not the only player in the field.Microsoft is one of the companies that started thinking about IPTV some time ago.""Telcos have been wanting to do video for a long time,"" Ed Graczyk, director of marketing for Microsoft IPTV, told"
46," forward Martin Corry says Jason Robinson is the right man to lead the national team back to winning ways.""There are a lot of changes taking place with England and we are at the start of something.But Corry insists England are in the right frame of mind for the contest.""Lansdowne Road is a tremendous venue to play in and we have to use it to our advantage.""A trip to Lansdowne Street is daunting at any time, especially against an Ireland side that are flying high after two impressive wins.""Jason is doing a tremendous job.It's an honour to be in the England side and An honour to play under him.""""There is apprehension going into every game,"" he added.England are under immense pressure following","England forward Martin Corry says Jason Robinson is the right man to lead the national team back to winning ways.""There are a lot of changes taking place with England and we are at the start of something.""They are full of confidence and are playing a great team game,"" he said.But Corry insists England are in the right frame of mind for the contest.Every week my respect for him goes up,"" Corry told BBC Radio Five Live.""Lansdowne Road is a tremendous venue to play in and we have to use it to our advantage.""But Corry has backed Robinson, who was given the role after the injury to fly-half Jonny Wilkinson, ahead of this weekend's trip to Ireland.It's an honour"
47,"unster's Heineken Cup quarter-final tie against Biarritz on 3 April has been switched to Real Sociedad's Paseo de Anoeta stadium in San Sebastian.""The decision to move was a difficult one, but as we considered the fans as one of our primary objectives,"" said Biarren chairman Marcel Martin.Real's ground holds 32,000 whereas the Parc des Sports Aguilera in Biaritz has a capacity of just 12,667.","Munster's Heineken Cup quarter-final tie against Biarritz on 3 April has been switched to Real Sociedad's Paseo de Anoeta stadium in San Sebastian.Ulster were the last Irish team to play at the Paseo de Anoeta stadium where they faced a Euskarians side during a pre-season tour in 1998.Real's ground holds 32,000 whereas the Parc des Sports Aguilera in Biarritz has a capacity of just 12,667."
48," growth figures come about despite a strike earlier this year by about 400,000 public sector worker which closed banks, hospitals, postal services and transport facilities.The main driver of the faster-than-expected expansion has been exports, with tourism seeing a strong rebound, the statistical office said.Imports gained by 13%, signalling that domestic demand has picked up again.The economy is benefiting from a quieter period in Palestinian-Israeli violence and a pick-up in global demand for technology products.","The main driver of the faster-than-expected expansion has been exports, with tourism seeing a strong rebound, the statistical office said.Imports gained by 13%, signalling that domestic demand has picked up again.The outlook is better than it has been for a number of years, analysts said.In 2003, the economy expanded by 1.3%The economy is benefiting from a quieter period in Palestinian-Israeli violence and a pick-up in global demand for technology products."
49," said one laptop per child could be "" very important to the development of not just that child but now the whole family, village and neighbourhood"".Nicholas Negroponte, chairman and founder of MIT's Media Labs, says he is developing a laptop PC that will go on sale for less than $100 (Â£53).He said the child could use the laptop like a text book.""In China they spend $17 per child per year on textbooks.That's for five or six years, so if we can distribute and sell it in quantities of one million or more to ministries of education that's cheaper and the marketing overheads go away too.Mr Negroport wants the laptops to become more common than mobile phones but conceded this","He said one laptop per child could be "" very important to the development of not just that child but now the whole family, village and neighbourhood"".He said the child could use the laptop like a text book.Mr Negroponte wants the laptops to become more common than mobile phones but conceded this was ambitious.That's for five or six years, so if we can distribute and sell laptops in quantities of one million or more to ministries of education that's cheaper and the marketing overheads go away.""Nicholas Negroponte, chairman and founder of MIT's Media Labs, says he is developing a laptop PC that will go on sale for less than $100 (Â£53).The concept is based on experiments in the US state of"
50," star Robert De Niro has returned to the top of the North American box office with his film Hide and Seek.De Niro recently spent three weeks at the top with comedy Meet The Fockers, which was at number five this week.Oscar best-picture nominee Sideways entered the top ten for the first time in its 15th week of release.The Aviator, a film biography of Howard Hughes that leads the Oscar field with 11 nominations, was at numbers six for the weekend with $7.5m (Â£4.5%).Clint Eastwood's Million Dollar Baby led the Oscar hopefuls with $11.8m ( Â£6.3m), coming in at number three","Film star Robert De Niro has returned to the top of the North American box office with his film Hide and Seek.De Niro recently spent three weeks at the top with comedy Meet The Fockers, which was at number five this week.Oscar best-picture nominee Sideways entered the top ten for the first time in its 15th week of release.Clint Eastwood's Million Dollar Baby led the Oscar hopefuls with $11.8m (Â£6.3m), coming in at number three during its first weekend of wide release.The Aviator, a film biography of Howard Hughes that leads the Oscar field with 11 nominations, was at number six for the weekend with $7.5m ("
51," areas of the US saw their economy continue to expand in December and early January, the US Federal Reserve said in its latest Beige Book report.""Office leasing was especially brisk in Washington DC, and New York City, two of the nation's strongest commercial markets,"" the Fed said.Consumer spending was higher in December than November, and festive sales were also up on 2003.","Most areas of the US saw their economy continue to expand in December and early January, the US Federal Reserve said in its latest Beige Book report.The employment picture also improved, the Fed said.""Labour markets firmed in a number of districts, but wage pressures generally remained modest,"" the Beige Book said.Consumer spending was higher in December than November, and festive sales were also up on 2003."
52," percentage terms, an average of 44% of respondents in each country said the world economy was getting worse, compared to 34% who said it was improving.Most respondents also said their national economy wasGetting worse.South Korea was the most pessimistic, while respondents in Italy and Mexico were also quite gloomy.The poll of 22,953 people was conducted by the international polling firm GlobeScan, together with the Program on International Policy Attitudes (Pipa) at the University of Maryland.Most countries also say their national economies was getting better.Almost 23,000 people in 22 countries were questioned for the poll, which was mostly conducted before the Asian tsunami disaster.But when asked about their own family's financial outlook, a majority in 14","In percentage terms, an average of 44% of respondents in each country said the world economy was getting worse, compared to 34% who said it was improving.The poll found that a majority or plurality of people in 13 countries believed the economy was going downhill, compared with respondents in nine countries who believed it was improving.The Philippines was among the most upbeat countries on prospects for respondents' families, but one of the most pessimistic about the world economy.Most respondents also said their national economy was getting worse.Almost 23,000 people in 22 countries were questioned for the poll, which was mostly conducted before the Asian tsunami disaster.The countries where people were most optimistic, both for the world and for their own families, were two fast-growing"
53," Blair has said he does not want higher tax rates for top earners but on Wednesday said other tax promises would be left to Labour's manifesto.It was no good Mr Blair claiming tax pledges were being left to the manifesto as he had given one to MPs on Tuesday about the top rate of income tax, argued Mr Howard.Prime minister's questions also saw Mr Blair predict that new plans would probably cut net immigration.Mr Howard pointed to the Institute for Fiscal Studies' predictions that Labour will need to increase taxes to cover an Â£11bn gap in its spending plans.Pointing to national insurance, he added: ""Everyone knows tax will go up under Labour: isn't it now clear which tax it would be?""Mr Blair instead","Tony Blair has said he does not want higher tax rates for top earners but on Wednesday said other tax promises would be left to Labour's manifesto.He attacked Tory plans to process asylum claims abroad - but Mr Howard said Labour had proposed the idea too.It was no good Mr Blair claiming tax pledges were being left to the manifesto as he had given one to MPs on Tuesday about the top rate of income tax, argued Mr Howard.Prime minister's questions also saw Mr Blair predict that new plans would probably cut net immigration.Mr Howard read from a letter about the government's own plans at the European Council of Ministers for processing asylum seekers outside the EU.Pointing to national insurance, he added: ""Everyone knows tax will go up under Labour"
